{
  "project_info": {
    "project_number": "932187013222",
    "project_id": "nexooai-a1096",
    "storage_bucket": "nexooai-a1096.firebasestorage.app"
  },
  "client": [
    {
      "client_info": {
        "mobilesdk_app_id": "1:932187013222:android:156e50b2915011464ceda7",
        "android_client_info": {
          "package_name": "com.nexooai.dcjewellery"
        }
      },
      "oauth_client": [],
      "api_key": [
        {
          "current_key": "AIzaSyBTjXrjQNL4FwARtaSpT1pAz83ov2tqs44"
        }
      ],
      "services": {
        "appinvite_service": {
          "other_platform_oauth_client": []
        }
      }
    }
  ],
  "configuration_version": "1"
}